id,name,email
1,John Doe,john@example.com
2,Jane Smith,jane@example.com
3,Bob Johnson,bob@example.com
4,Alice Brown,alice@example.com
5,Michael Clark,michael@example.com
6,Emily Davis,emily@example.com
7,Daniel Evans,daniel@example.com
8,Sarah Foster,sarah@example.com
9,David Green,david@example.com
10,Olivia Harris,olivia@example.com
11,Ethan James,ethan@example.com
12,Grace Kelly,grace@example.com
13,Liam Lewis,liam@example.com
14,Chloe Martin,chloe@example.com
15,Noah Moore,noah@example.com
16,Sophia Nelson,sophia@example.com
17,Mason Ortiz,mason@example.com
18,Ava Perez,ava@example.com
19,Logan Ramirez,logan@example.com
20,Isabella Rivera,isabella@example.com
21,Lucas Roberts,lucas@example.com
22,Mia Sanchez,mia@example.com
23,Elijah Scott,elijah@example.com
24,Charlotte Stewart,charlotte@example.com
25,Oliver Taylor,oliver@example.com
26,Amelia Thomas,amelia@example.com
27,James Turner,james@example.com
28,Evelyn Walker,evelyn@example.com
29,Benjamin White,benjamin@example.com
30,Harper Young,harper@example.com
31,Henry Adams,henry@example.com
32,Avery Baker,avery@example.com
33,Alexander Barnes,alexander@example.com
34,Ella Bennett,ella@example.com
35,William Brooks,william@example.com
36,Scarlett Bryant,scarlett@example.com
37,Samuel Butler,samuel@example.com
38,Violet Campbell,violet@example.com
39,Jack Carter,jack@example.com
40,Lily Chapman,lily@example.com
41,Jackson Coleman,jackson@example.com
42,Zoe Collins,zoe@example.com
43,Owen Cook,owen@example.com
44,Aria Cooper,aria@example.com
45,Matthew Cox,matthew@example.com
46,Penelope Diaz,penelope@example.com
47,Wyatt Edwards,wyatt@example.com
48,Riley Fisher,riley@example.com
49,Sebastian Ford,sebastian@example.com
50,Nora Foster,nora@example.com
51,Aiden Garcia,aiden@example.com
52,Hazel Gonzales,hazel@example.com
53,Jayden Gray,jayden@example.com
54,Lillian Griffin,lillian@example.com
55,Levi Hall,levi@example.com
56,Eleanor Harper,eleanor@example.com
57,Isaac Hayes,isaac@example.com
58,Hannah Henderson,hannah@example.com
59,Joseph Henry,joseph@example.com
60,Elizabeth Hicks,elizabeth@example.com
61,Theodore Hunt,theodore@example.com
62,Stella Jenkins,stella@example.com
63,Gabriel Johnston,gabriel@example.com
64,Addison Kelley,addison@example.com
65,Julian Kim,julian@example.com
66,Audrey Lane,audrey@example.com
67,Anthony Lawson,anthony@example.com
68,Skylar Lee,skylar@example.com
69,Christopher Lopez,christopher@example.com
70,Lucy Matthews,lucy@example.com
71,Andrew Mcdonald,andrew@example.com
72,Natalie Miller,natalie@example.com
73,Joshua Mitchell,joshua@example.com
74,Samantha Morgan,samantha@example.com
75,Dylan Murphy,dylan@example.com
76,Leah Murray,leah@example.com
77,Nathan Myers,nathan@example.com
78,Savannah Nguyen,savannah@example.com
79,Ryan Nichols,ryan@example.com
80,Brooklyn Oliver,brooklyn@example.com
81,Christian Parker,christian@example.com
82,Victoria Patterson,victoria@example.com
83,Jonathan Perez,jonathan@example.com
84,Claire Perry,claire@example.com
85,Lincoln Phillips,lincoln@example.com
86,Anna Powell,anna@example.com
87,Grayson Price,grayson@example.com
88,Lucy Quinn,lucyq@example.com
89,Leo Ramirez,leor@example.com
90,Julia Reed,julia@example.com
91,Hudson Reynolds,hudson@example.com
92,Aurora Rice,aurora@example.com
93,Thomas Richardson,thomas@example.com
94,Lillian Rivera,lillian@example.com
95,Charles Ross,charles@example.com
96,Ellie Russell,ellie@example.com
97,Caleb Sanders,caleb@example.com
98,Naomi Simmons,naomi@example.com
99,Eli Spencer,eli@example.com
100,Sadie Stephens,sadie@example.com
101,Connor Stewart,connor@example.com
102,Alyssa Stone,alyssa@example.com
103,Asher Sullivan,asher@example.com
104,Caroline Thomas,caroline@example.com
105,Isaiah Thompson,isaiah@example.com
106,Sarah Torres,saraht@example.com
107,Landon Turner,landon@example.com
108,Luna Vaughn,luna@example.com
109,Nolan Ward,nolan@example.com
110,Elliana Watson,elliana@example.com
111,Easton Wells,easton@example.com
112,Claire West,clairew@example.com
113,Colton Wheeler,colton@example.com
114,Aubrey White,aubrey@example.com
115,Miles Williams,miles@example.com
116,Eleanor Willis,eleanorw@example.com
117,Brayden Wood,brayden@example.com
118,Anna Wright,annaw@example.com
119,Carson Young,carson@example.com
120,Hailey Zimmerman,hailey@example.com
