student_id,student_name
S1,Anna Young
S10,Chris Young
S100,John Clark
S11,Jane Allen
S12,Chris Lee
S13,Tom Allen
S15,Sarah Taylor
S16,John Hall
S17,David Taylor
S18,David Johnson
S19,Tom Taylor
S2,Chris Smith
S20,Laura Taylor
S21,John Clark
S22,Alex Hall
S23,Sarah Lee
S24,Alex Young
S25,Alex Taylor
S26,Laura Hall
S27,Emily Lee
S28,Jane Young
S29,Jane Young
S3,Tom Lee
S31,Tom Smith
S32,David Clark
S35,Anna Allen
S36,Jane Taylor
S37,Alex Taylor
S38,Sarah Taylor
S39,Emily Brown
S4,Chris Brown
S40,Sarah Wilson
S44,Anna Taylor
S45,Laura Allen
S46,Emily Taylor
S47,Sarah Wilson
S48,Sarah Taylor
S49,John Brown
S5,Sarah Smith
S50,Jane Brown
S51,Anna Wilson
S53,Chris Hall
S54,Chris Clark
S55,Anna Clark
S56,John Clark
S57,David Taylor
S58,John Smith
S6,Anna Johnson
S60,Chris Johnson
S62,Anna Wilson
S63,John Young
S64,David Clark
S65,Sarah Clark
S66,Emily Smith
S67,John Taylor
S7,Jane Brown
S70,Alex Wilson
S71,John Young
S72,Sarah Clark
S73,David Wilson
S74,Emily Smith
S75,John Smith
S76,Alex Taylor
S77,John Taylor
S78,Sarah Brown
S79,John Young
S8,Chris Hall
S80,Laura Smith
S81,Emily Allen
S83,Chris Wilson
S84,Emily Lee
S86,Jane Young
S87,Alex Lee
S88,Chris Taylor
S9,Alex Brown
S90,Chris Taylor
S91,Laura Young
S92,Chris Allen
S93,David Johnson
S94,Chris Wilson
S95,Chris Young
S97,Anna Johnson
S98,Alex Clark
S99,John Allen
